Impressions,From Home,From Hashtags,From Explore,From Other,Saves,Comments,Shares,Likes,Profile Visits,Follows,Caption,Hashtags,Total Impressions,Home %,Hashtags %,Explore %,Other %,Like Rate,Follow Rate,Comment Rate,Share Rate,Save Rate
3920,2586,1028,619,56,98,9,5,162,35,2,Here are some of the most important data visualizations that every Financial Data Analyst/Scientist should know.,#finance #money #business #investing #investment #trading #stockmarket #data #datascience #dataanalysis #dataanalytics #datascientist #machinelearning #python #pythonprogramming #pythonprojects #pythoncode #artificialintelligence #ai #dataanalyst #amankharwal #thecleverprogrammer,4289,60.29377477267428,23.968290976917697,14.432268594077874,1.305665656330147,4.13265306122449,0.05102040816326531,0.2295918367346939,0.12755102040816327,2.5
5394,2727,1838,1174,78,194,7,14,224,48,10,Here are some of the best data science project ideas on healthcare. If you want to become a data science professional in the healthcare domain then you must try to work on these projects.,#healthcare #health #covid #data #datascience #dataanalysis #dataanalytics #datascientist #machinelearning #python #pythonprogramming #pythonprojects #pythoncode #artificialintelligence #ai #dataanalyst #amankharwal #thecleverprogrammer,5817,46.87983496647757,31.59704314938972,20.182224514354477,1.3408973697782363,4.1527623285131625,0.18539117538005193,0.12977382276603633,0.25954764553207266,3.596588802373007
4021,2085,1188,0,533,41,11,1,131,62,12,Learn how to train a machine learning model and giving inputs to your trained model to make predictions using Python.,#data #datascience #dataanalysis #dataanalytics #datascientist #machinelearning #python #pythonprogramming #pythonprojects #pythoncode #artificialintelligence #ai #deeplearning #machinelearningprojects #datascienceprojects #amankharwal #thecleverprogrammer #machinelearningmodels,3806,54.78192327903311,31.213872832369944,0.0,14.004203888596953,3.257896045759761,0.29843322556577967,0.2735637901019647,0.02486943546381497,1.0196468540164139
4528,2700,621,932,73,172,10,7,213,23,8,Heres how you can write a Python program to detect whether a sentence is a question or not. The idea here is to find the words that we see in the beginning of a question in the beginning of a sentence.,#python #pythonprogramming #pythonprojects #pythoncode #pythonlearning #pythondeveloper #pythoncoding #pythonprogrammer #amankharwal #thecleverprogrammer #pythonprojects,4326,62.413314840499304,14.35506241331484,21.544151641239022,1.687471104946833,4.704063604240282,0.17667844522968199,0.2208480565371025,0.15459363957597172,3.7985865724381624
2518,1704,255,279,37,96,5,4,123,8,0,Plotting annotations while visualizing your data is considered good practice to make the graphs self-explanatory. Here is an example of how you can annotate a graph using Python.,#datavisualization #datascience #data #dataanalytics #machinelearning #dataanalysis #artificialintelligence #python #datascientist #bigdata #deeplearning #dataviz #ai #analytics #technology #dataanalyst #programming #pythonprogramming #statistics #coding #businessintelligence #datamining #tech #business #computerscience #tableau #database #thecleverprogrammer #amankharwal,2275,74.9010989010989,11.20879120879121,12.263736263736263,1.6263736263736264,4.88482922954726,0.0,0.19857029388403494,0.15885623510722796,3.8125496425734715
3884,2046,1214,329,43,74,7,10,144,9,2,Here are some of the most important soft skills that every data scientist should have.,#data #datascience #dataanalysis #dataanalytics #datascientist #machinelearning #python #pythonprogramming #pythonprojects #pythoncode #artificialintelligence #ai #deeplearning #algorithm #algorithms #machinelearningalgorithms #ml #amankharwal #thecleverprogrammer #softskills,3632,56.332599118942724,33.42511013215859,9.058370044052863,1.183920704845815,3.7075180226570548,0.051493305870236865,0.18022657054582905,0.25746652935118436,1.905252317198764
2621,1543,599,333,25,22,5,1,76,26,0,Learn how to analyze a candlestick chart as a data scientist or a financial analyst. I hope this resource will help you to invest and analyze stock markets.,#stockmarket #investing #stocks #trading #money #investment #finance #forex #datavisualization #datascience #data #dataanalytics #machinelearning #dataanalysis #ai #candlestick #candlestickcharts,2500,61.72,23.96,13.320000000000002,1.0,2.8996566196108358,0.0,0.19076688286913393,0.03815337657382679,0.8393742846241892
3541,2071,628,500,60,135,4,9,124,12,6,Here are some of the best books that you can follow to learn Python from scratch.,#python #pythonprogramming #pythonprojects #pythoncode #pythonlearning #pythondeveloper #pythoncoding #pythonprogrammer #amankharwal #thecleverprogrammer #pythonprojects #pythonbooks #bookstagram,3259,63.54710033752685,19.26971463639153,15.342129487572876,1.841055538508745,3.501835639649816,0.16944365998305563,0.11296243998870376,0.2541654899745835,3.812482349618752
3749,2384,857,248,49,155,6,8,159,36,4,Here are some of the best data analysis project ideas that you should try and show on your resume. These projects will help you to show your data analysis skills.,#dataanalytics #datascience #data #machinelearning #datavisualization #bigdata #artificialintelligence #datascientist #python #analytics #ai #dataanalysis #deeplearning #technology #programming #coding #dataanalyst #business #pythonprogramming #datamining #tech #businessintelligence #database #computerscience #statistics #powerbi #dataanalysisprojects #businessanalytics #thecleverprogrammer #amankharwal,3538,67.38270209157716,24.22272470322216,7.009609949123799,1.3849632560768796,4.241130968258202,0.10669511869831955,0.16004267804747935,0.2133902373966391,4.134435849559883
4115,2609,1104,178,46,122,6,3,191,31,6,Here are two best ways to count the number of letters in a string using Python.,#python #pythonprogramming #pythonprojects #pythoncode #pythonlearning #pythondeveloper #pythoncoding #pythonprogrammer #amankharwal #thecleverprogrammer #pythonprojects,3937,66.26873253746508,28.041656083312166,4.521209042418085,1.1684023368046736,4.641555285540705,0.14580801944106928,0.14580801944106928,0.07290400972053464,2.964763061968408
2218,1597,411,162,15,28,6,3,81,29,4,Learn the implementation of AlexNet Convolutional Neural Network using Python. Link in Bio,#neuralnetwork #machinelearning #artificialintelligence #deeplearning #python #ai #datascience #neuralnetworks #programming #tensorflow #datascientist #pythonprogramming #tech #technology #artificialintelligenceai #machinelearningalgorithms #computerscience #coding #ml #data #amankharwal #thecleverprogrammer #alexnet,2185,73.08924485125858,18.810068649885583,7.414187643020595,0.6864988558352403,3.651938683498648,0.18034265103697023,0.2705139765554554,0.1352569882777277,1.2623985572587917
3234,2414,476,185,75,122,8,14,151,15,0,Heres how to get the live stock price data of any company by using the Python programming language.,#python #pythonprogramming #pythonprojects #pythoncode #pythonlearning #pythondeveloper #pythoncoding #pythonprogrammer #amankharwal #thecleverprogrammer #pythonprojects,3150,76.63492063492063,15.11111111111111,5.873015873015873,2.380952380952381,4.669140383426098,0.0,0.24737167594310452,0.4329004329004329,3.772418058132344
4344,2168,1274,673,40,119,7,11,162,8,2,"Here are some of the most important Python libraries for data science. If you know the fundamentals of all these Python libraries, you can work on any kind of data science problem.",#data #datascience #dataanalysis #dataanalytics #datascientist #machinelearning #python #pythonprogramming #pythonprojects #pythoncode #artificialintelligence #ai #deeplearning #algorithm #algorithms #machinelearningalgorithms #ml #amankharwal #thecleverprogrammer,4155,52.17809867629363,30.661853188929,16.197352587244286,0.9626955475330927,3.7292817679558015,0.04604051565377532,0.16114180478821363,0.2532228360957643,2.7394106813996317
3216,2524,212,201,223,121,5,5,142,20,4,Heres how to visualize an interactive candlestick chart using Python.,#stockmarket #investing #stocks #trading #money #investment #finance #forex #datavisualization #datascience #data #dataanalytics #machinelearning #dataanalysis #ai #candlestick #candlestickcharts #amankharwal #thecleverprogrammer,3160,79.87341772151899,6.70886075949367,6.360759493670887,7.056962025316456,4.41542288557214,0.12437810945273632,0.1554726368159204,0.1554726368159204,3.762437810945274
9453,2525,5799,208,794,100,6,10,294,181,42,Omicron Variant Sentiment Analysis using Python: Link in Bio,#data #datascience #dataanalysis #dataanalytics #datascientist #machinelearning #python #pythonprogramming #pythonprojects #pythoncode #artificialintelligence #ai #deeplearning #sentimentanalysis #sentiment #nlp #naturallanguageprocessing #amankharwal #thecleverprogrammer,9326,27.07484452069483,62.18099935663736,2.230323825863178,8.513832296804633,3.1101237702316724,0.4443033957473818,0.06347191367819739,0.10578652279699566,1.0578652279699567
5055,2017,2351,298,108,101,7,11,159,17,6,"In Data Science, Time Series Analysis is a method of analyzing data collected over an interval of time. Stock price data and covid-19 cases data are examples of time-series data. Time Series Analysis helps understand the underlying causes of trends and patterns at particular time intervals. So it is one of the topics that every data scientist should know perfectly. So if you are looking for some of the best books to learn Time Series Analysis, you can choose any one among these books.",#timeseries #time #statistics #datascience #bigdata #machinelearning #python #ai #timeseriesanalysis #datavisualization #dataanalytics #data #iot #analysis #timeseriesmalaysia #artificialintelligence #analytics #amankharwal #thecleverprogrammer,4774,42.249685798072896,49.245915374947636,6.242144951822371,2.2622538751571013,3.1454005934718103,0.11869436201780414,0.13847675568743817,0.2176063303659743,1.9980217606330366
4002,3401,278,128,73,111,17,18,205,16,2,"Here are some of the highest paying skills in 2022 that you should start learning today. These skills do not require you to come from a specific education background. If you are passionate about learning any of these skills, then you can easily find so many free resources on the internet. If you dont know how to find free resources to learn these skills, feel free to reach me @aman.kharwal, I will be happy to guide you.",#career #job #jobs #jobsearch #education #business #success #careergoals #motivation #work #careerdevelopment #careers #goals #resume #students #careeradvice #datascience #marketing #digitalmarketing #media #socialmedia #IT #webdevelopment #amankharwal #thecleverprogrammer,3880,87.65463917525773,7.164948453608247,3.2989690721649487,1.8814432989690721,5.122438780609695,0.04997501249375312,0.42478760619690153,0.4497751124437781,2.7736131934032984
3169,1979,707,341,32,106,8,1,121,21,2,"In Data Science, Time Series Analysis is a method of analyzing data collected over an interval of time. Stock price data and covid-19 cases data are examples of time-series data. Time Series Analysis helps understand the underlying causes of trends and patterns at particular time intervals. So it is one of the topics that every data scientist should know perfectly. So if you are looking for some of the best data science project ideas on Time Series Analysis, you should try to work on these projects.",#timeseries #time #statistics #datascience #bigdata #machinelearning #python #ai #timeseriesanalysis #datavisualization #dataanalytics #data #iot #analysis #timeseriesmalaysia #artificialintelligence #analytics #amankharwal #thecleverprogrammer,3059,64.69434455704479,23.112128146453088,11.147433801896046,1.0460934946060805,3.8182391921741874,0.06311139160618492,0.2524455664247397,0.03155569580309246,3.3449037551278002
6168,2177,3450,153,296,82,6,6,151,77,30,"Stress, anxiety, and depression are threatening the mental health of people. Every person has a reason for having a stressful life. People often share their feelings on social media platforms like on Instagram in the form of posts and stories, and on Reddit in the form of asking for suggestions about their life on subreddits. In the past few years, many content creators have come forward to create content to help people with their mental health. Many organizations can use stress detection to find which social media users are stressed to help them quickly. So if you want to learn how to use machine learning to detect stress on social media posts, this data science project is for you. Detection of stress from social media posts with machine learning using Python: Link in Bio.",#data #datascience #dataanalysis #dataanalytics #datascientist #machinelearning #python #pythonprogramming #pythonprojects #pythoncode #artificialintelligence #ai #deeplearning #machinelearningprojects #datascienceprojects #amankharwal #thecleverprogrammer #machinelearningmodels #stress #stressdetection,6076,35.8294930875576,56.78077682685978,2.518104015799868,4.871626069782751,2.4481193255512324,0.48638132295719844,0.09727626459143969,0.09727626459143969,1.3294422827496757
2407,1338,655,276,39,40,8,20,72,10,0,Data Science Use Cases: Heres how Zomato is using your data for its future business model.,#data #datascience #dataanalysis #dataanalytics #datascientist #machinelearning #python #pythonprogramming #pythonprojects #pythoncode #artificialintelligence #ai #deeplearning #machinelearningprojects #datascienceprojects #amankharwal #thecleverprogrammer #machinelearningmodels #zomato #business #casestudy #businessmodel,2308,57.97227036395147,28.379549393414212,11.95840554592721,1.6897746967071057,2.9912754466140425,0.0,0.3323639385126714,0.8309098462816784,1.6618196925633568
2064,1304,362,249,37,49,4,5,76,9,0,"A boxplot is a statistical data visualization technique for analyzing the distribution and patterns of numerical data points of a dataset. It represents quartile 1, quartile 3, median, maximum and minimum data points of a feature which helps to understand the distribution of the numerical values of a dataset. Heres how to analyze box plots as a Data Scientist.",#datavisualization #datascience #data #dataanalytics #machinelearning #dataanalysis #artificialintelligence #python #datascientist #bigdata #deeplearning #dataviz #ai #analytics #technology #dataanalyst #programming #pythonprogramming #statistics #coding #businessintelligence #datamining #tech #business #boxplots #thecleverprogrammer #amankharwal,1952,66.80327868852459,18.545081967213115,12.756147540983607,1.8954918032786885,3.6821705426356592,0.0,0.1937984496124031,0.24224806201550386,2.374031007751938
3973,2415,745,676,18,72,3,4,91,11,24,"Activation Functions are functions used in neural networks for calculating the weighted sum of input and biases. It's done to determine if a neuron should be activated or not. What happens is that the input layer receives the training data for training the neural network, the hidden layer is used to do all the calculations which help in finding relationships between the features of the data, and then the output layer gives the results which are controlled by the activation functions. They are placed after the hidden layers to produce the results for the neural network.",#neuralnetwork #machinelearning #artificialintelligence #deeplearning #python #ai #datascience #neuralnetworks #programming #tensorflow #datascientist #pythonprogramming #tech #technology #artificialintelligenceai #machinelearningalgorithms #computerscience #coding #ml #data #amankharwal #thecleverprogrammer,3854,62.66216917488324,19.330565646081993,17.540217955371045,0.46704722366372603,2.2904606091115025,0.6040775232821546,0.07550969041026932,0.10067958721369243,1.8122325698464634
7281,3065,1254,2081,748,167,7,9,195,144,100,Learn how to send automatic emails using the Python programming language: Link in bio.,#python #pythonprogramming #pythonprojects #pythoncode #pythonlearning #pythondeveloper #pythoncoding #pythonprogrammer #amankharwal #thecleverprogrammer #pythonprojects,7148,42.87912702853946,17.543368774482374,29.113038612199215,10.46446558477896,2.6782035434693037,1.373437714599643,0.096140640021975,0.12360939431396785,2.2936409833814038
3052,2608,201,121,87,63,5,14,129,14,2,Here are all the programming languages that Google uses in the Front-end and the back-end of Google.,#programming #coding #programmer #python #developer #javascript #technology #code #coder #java #html #computerscience #tech #css #webdeveloper #software #webdevelopment #codinglife #softwaredeveloper #linux #programmingmemes #webdesign #programmers #php #programminglife #machinelearning #hacking #pythonprogramming #thecleverprogrammer #amankharwal,3017,86.44348690752402,6.662247265495526,4.010606562810739,2.883659264169705,4.226736566186108,0.0655307994757536,0.163826998689384,0.45871559633027525,2.064220183486239
4628,2406,1260,861,26,144,8,3,160,10,4,"Deep Learning is a subset of machine learning. If you want to become a machine learning engineer, you should know everything about deep learning. If you are looking for some of the best free resources to learn deep learning then here are the two best free resources to learn deep learning.",#deeplearning #machinelearning #artificialintelligence #datascience #ai #python #coding #technology #programming #bigdata #dataanalytics #datascientist #data #computerscience #tech #neuralnetwork #amankharwal #thecleverprogrammer,4553,52.84427849769383,27.67406105864265,18.910608390072483,0.5710520535910389,3.457216940363008,0.08643042350907519,0.17286084701815038,0.06482281763180639,3.1114952463267067
4082,2195,1248,541,36,135,11,5,175,19,6,Deep learning is a subset of machine learning in which we use artificial neural networks to train models to solve complex problems where we need a large amount of data compared to other machine learning algorithms. Here are some of the best deep learning project ideas that you must try.,#deeplearning #machinelearning #artificialintelligence #datascience #ai #python #coding #technology #programming #bigdata #dataanalytics #datascientist #data #computerscience #tech #neuralnetwork #amankharwal #thecleverprogrammer,4020,54.60199004975125,31.044776119402982,13.457711442786069,0.8955223880597015,4.287114159725625,0.14698677119059284,0.2694757471827536,0.1224889759921607,3.3072023517883387
5394,2275,2975,45,65,61,19,6,147,69,6,"You must have heard or invested in any cryptocurrency once in your life. It is a digital medium of exchange that is encrypted and decentralized. If you want to know how to predict the future prices of any cryptocurrency with machine learning, this will help you. Here you will learn how to predict the future prices of bitcoin with machine learning using Python.",#data #datascience #dataanalysis #dataanalytics #datascientist #machinelearning #python #pythonprogramming #pythonprojects #pythoncode #artificialintelligence #ai #deeplearning #machinelearningprojects #datascienceprojects #amankharwal #thecleverprogrammer #bitcoin #cryptocurrency,5360,42.44402985074627,55.50373134328358,0.8395522388059702,1.212686567164179,2.7252502780867633,0.11123470522803114,0.3522432332220986,0.11123470522803114,1.1308861698183166
2766,2541,116,51,9,40,10,4,114,11,6,Here are all the programming languages that Facebook uses in the Front-end and the back-end of Facebook.,#programming #coding #programmer #python #developer #javascript #technology #code #coder #java #html #computerscience #tech #css #webdeveloper #software #webdevelopment #codinglife #softwaredeveloper #linux #programmingmemes #webdesign #programmers #php #programminglife #machinelearning #hacking #pythonprogramming #thecleverprogrammer #amankharwal,2717,93.52226720647774,4.269414795730586,1.8770702981229297,0.3312476996687523,4.121475054229935,0.21691973969631237,0.3615328994938539,0.14461315979754158,1.4461315979754157
3924,2244,1278,326,34,139,11,3,151,19,2,Here are some of the most popular data science case studies and projects that every data science beginner should try. You can find these case studies and projects with solutions at Kaggle.,#data #datascience #dataanalysis #dataanalytics #datascientist #machinelearning #python #pythonprogramming #pythonprojects #pythoncode #artificialintelligence #ai #deeplearning #algorithm #algorithms #machinelearningalgorithms #ml #amankharwal #thecleverprogrammer #projects #casestudies,3882,57.80525502318392,32.92117465224111,8.397733127253993,0.8758371973209685,3.8481141692150866,0.05096839959225281,0.2803261977573904,0.0764525993883792,3.5423037716615693
3015,2034,771,115,41,52,11,4,92,9,2,Heres how Amazon uses your data as an e-commerce platform. I hope this post will help you to understand how Amazon is using data science to improve the quality of its services.,#data #datascience #dataanalysis #dataanalytics #datascientist #machinelearning #python #pythonprogramming #pythonprojects #pythoncode #artificialintelligence #ai #deeplearning #machinelearningprojects #datascienceprojects #amankharwal #thecleverprogrammer #machinelearningmodels #zomato #business #casestudy #businessmodel #amazonfinds,2961,68.69300911854104,26.038500506585617,3.883823032759203,1.3846673421141507,3.051409618573798,0.06633499170812604,0.3648424543946932,0.13266998341625208,1.7247097844112769
6666,1977,4604,48,23,84,9,3,214,57,20,Google Search Analysis is one of the best data analysis project ideas for someone who wants to work as a data analyst in marketing. Here your task is to analyze the search trends on Google. You can learn how to analyze the google search trends by visiting the link in bio.,#data #datascience #dataanalysis #dataanalytics #datascientist #machinelearning #python #pythonprogramming #pythonprojects #pythoncode #artificialintelligence #ai #deeplearning #machinelearningprojects #datascienceprojects #amankharwal #thecleverprogrammer,6652,29.720384846662657,69.21226698737222,0.7215874924834637,0.3457606734816597,3.2103210321032103,0.3000300030003,0.135013501350135,0.045004500450045004,1.2601260126012601
3854,1975,1721,60,43,81,11,15,150,13,2,Here are all the databases that Google uses.,#data #technology #datascience #business #tech #bigdata #dataanalytics #machinelearning #ai #analytics #datavisualization #security #artificialintelligence #cybersecurity #programming #python #software #coding #network #internet #cloud #dataanalysis #innovation #datascientist #database #amankharwal #thecleverprogrammer #google,3799,51.98736509607792,45.30139510397473,1.5793629902605948,1.1318768096867597,3.8920601971977167,0.05189413596263622,0.2854177477944992,0.38920601971977165,2.101712506486767
4355,2879,139,1239,32,79,8,4,122,11,4,Here are some of the popular programming languages with their uses.,#programming #coding #programmer #python #developer #javascript #technology #code #coder #java #html #computerscience #tech #css #webdeveloper #software #webdevelopment #codinglife #softwaredeveloper #linux #programmingmemes #webdesign #programmers #php #programminglife #machinelearning #hacking #pythonprogramming #thecleverprogrammer #amankharwal,4289,67.1252040102588,3.240848682676615,28.887852646304502,0.7460946607600839,2.801377726750861,0.09184845005740529,0.18369690011481057,0.09184845005740529,1.8140068886337544
4343,2278,1460,521,27,105,6,3,152,24,8,Natural language processing or NLP is a subfield of artificial intelligence where we build applications to interact with humans. Here is the complete process that you should follow while working on every problem based on natural language processing.,#data #datascience #dataanalysis #dataanalytics #datascientist #machinelearning #python #pythonprogramming #pythonprojects #pythoncode #artificialintelligence #ai #deeplearning #sentimentanalysis #sentiment #nlp #naturallanguageprocessing #amankharwal #thecleverprogrammer,4286,53.149790013999066,34.06439570695287,12.155856276248251,0.6299580027998133,3.4998848722081513,0.18420446695832374,0.1381533502187428,0.0690766751093714,2.417683628827999
6108,2679,2803,562,26,90,7,8,196,81,26,LSTM stands for Long Short Term Memory Networks. It is a type of recurrent neural network that is commonly used for regression and time series forecasting in machine learning. Here you will learn how to use the LSTM Neural Network for the task of Stock Price Prediction using Python.,#neuralnetwork #machinelearning #artificialintelligence #deeplearning #python #ai #datascience #neuralnetworks #programming #tensorflow #datascientist #pythonprogramming #tech #technology #artificialintelligenceai #machinelearningalgorithms #computerscience #coding #ml #data #amankharwal #thecleverprogrammer,6070,44.13509060955519,46.17792421746294,9.258649093904447,0.42833607907743,3.20890635232482,0.4256712508185986,0.11460379829731501,0.13097576948264572,1.4734774066797642
2523,1659,796,29,21,34,6,0,86,4,2,Tokenization is the first step you should perform after collecting a textual dataset in every problem based on Natural Language Processing. Sentence and Word tokenization are two different strategies of tokenization that you should know.,#data #datascience #dataanalysis #dataanalytics #datascientist #machinelearning #python #pythonprogramming #pythonprojects #pythoncode #artificialintelligence #ai #deeplearning #sentimentanalysis #sentiment #nlp #naturallanguageprocessing #amankharwal #thecleverprogrammer,2505,66.22754491017963,31.776447105788424,1.157684630738523,0.8383233532934131,3.408640507332541,0.07927070947284978,0.23781212841854932,0.0,1.3476020610384463
2327,1774,435,59,35,45,3,3,85,7,2,Here are all the databases that are used by Facebook.,#data #technology #datascience #business #tech #bigdata #dataanalytics #machinelearning #ai #analytics #datavisualization #security #artificialintelligence #cybersecurity #programming #python #software #coding #network #internet #cloud #dataanalysis #innovation #datascientist #database #amankharwal #thecleverprogrammer #facebook,2303,77.02996092053843,18.888406426400348,2.5618758141554494,1.5197568389057752,3.6527718091963903,0.08594757198109154,0.12892135797163728,0.12892135797163728,1.9338203695745595
3990,2123,1482,332,36,98,4,11,156,14,4,Here are some of the best data science project ideas on natural language processing that you should try.,#data #datascience #dataanalysis #dataanalytics #datascientist #machinelearning #python #pythonprogramming #pythonprojects #pythoncode #artificialintelligence #ai #deeplearning #sentimentanalysis #sentiment #nlp #naturallanguageprocessing #amankharwal #thecleverprogrammer,3973,53.43569091366726,37.30178706267304,8.35640573873647,0.9061162849232317,3.909774436090226,0.10025062656641603,0.10025062656641603,0.2756892230576441,2.456140350877193
2191,1308,809,45,18,35,2,1,72,18,0,Language detection is a natural language processing task where we need to identify the language of a text or document. Here you will learn how to train a machine learning model for language detection using Python.,#data #datascience #dataanalysis #dataanalytics #datascientist #machinelearning #python #pythonprogramming #pythonprojects #pythoncode #artificialintelligence #ai #deeplearning #sentimentanalysis #sentiment #nlp #naturallanguageprocessing #amankharwal #thecleverprogrammer,2180,60.0,37.11009174311927,2.064220183486239,0.8256880733944955,3.2861706983112735,0.0,0.09128251939753537,0.045641259698767686,1.5974440894568689
1941,1466,411,37,17,49,6,3,82,8,2,A neural network is a computational structure that connects an input layer to an output layer. Heres how a neural network works.,#neuralnetwork #machinelearning #artificialintelligence #deeplearning #python #ai #datascience #neuralnetworks #programming #tensorflow #datascientist #pythonprogramming #tech #technology #artificialintelligenceai #machinelearningalgorithms #computerscience #coding #ml #data #amankharwal #thecleverprogrammer,1931,75.91921284308648,21.28430864836872,1.9161056447436562,0.8803728638011392,4.22462648119526,0.10303967027305513,0.3091190108191654,0.1545595054095827,2.5244719216898504
16062,3144,11817,564,468,252,6,20,416,330,94,280 Machine Learning Projects Solved & Explained using Python programming language: Link in Bio,#data #datascience #dataanalysis #dataanalytics #datascientist #machinelearning #python #pythonprogramming #pythonprojects #pythoncode #artificialintelligence #ai #deeplearning #machinelearningprojects #datascienceprojects #amankharwal #thecleverprogrammer,15993,19.658600637779028,73.8885762521103,3.526542862502345,2.9262802476083283,2.5899638899265347,0.5852322251276304,0.03735524841240195,0.12451749470800647,1.5689204333208817
4998,2331,2195,318,75,167,4,13,180,21,8,Here is how you can prepare yourself for your very first data science interview.,#data #datascience #dataanalysis #dataanalytics #datascientist #machinelearning #python #pythonprogramming #pythonprojects #pythoncode #artificialintelligence #ai #deeplearning #machinelearningprojects #datascienceprojects #amankharwal #thecleverprogrammer #interview #datascienceinterview,4919,47.38768042285017,44.62289083146981,6.46472860337467,1.5247001423053468,3.601440576230492,0.1600640256102441,0.08003201280512205,0.26010404161664663,3.3413365346138457
4289,2746,869,589,24,111,8,4,150,19,18,Here is the difference between the process of Deep Learning and Machine Learning.,#data #datascience #dataanalysis #dataanalytics #datascientist #machinelearning #python #pythonprogramming #pythonprojects #pythoncode #artificialintelligence #ai #deeplearning #machinelearningprojects #datascienceprojects #amankharwal #thecleverprogrammer #interview #neuralnetworks,4228,64.94796594134343,20.553453169347208,13.930936613055819,0.5676442762535477,3.4973187223128934,0.4196782466775472,0.18652366519002098,0.09326183259501049,2.588015854511541
3880,2207,1109,199,317,90,4,2,127,32,10,"Each company has its ways of creating an OTP for verification, but most of the companies have their systems programmed to generate a 6-digit random number. So here you will learn the complete process of OTP verification using Python.",#python #pythonprogramming #pythonprojects #pythoncode #pythonlearning #pythondeveloper #pythoncoding #pythonprogrammer #amankharwal #thecleverprogrammer #pythonprojects #otp #otpverification,3832,57.59394572025052,28.940501043841337,5.193110647181628,8.272442588726515,3.27319587628866,0.25773195876288657,0.10309278350515465,0.051546391752577324,2.3195876288659796
3786,2632,616,468,25,144,9,5,167,19,4,Heres how you can create a QR code by using the Python programming language.,#python #pythonprogramming #pythonprojects #pythoncode #pythonlearning #pythondeveloper #pythoncoding #pythonprogrammer #amankharwal #thecleverprogrammer #pythonprojects #qrcodes,3741,70.35551991446137,16.466185511895215,12.510024057738573,0.6682705159048383,4.410987849973587,0.10565240359218173,0.2377179080824089,0.13206550449022716,3.8034865293185423
4298,3050,969,181,64,263,6,19,225,21,4,Here are some of the best Python project ideas for resume that you can work on as a Python developer.,#python #pythonprogramming #pythonprojects #pythoncode #pythonlearning #pythondeveloper #pythoncoding #pythonprogrammer #amankharwal #thecleverprogrammer #pythonprojects,4264,71.52908067542214,22.725140712945592,4.24484052532833,1.5009380863039399,5.234993020009307,0.09306654257794324,0.13959981386691486,0.44206607724523034,6.119125174499768
3630,1747,1693,72,86,137,4,10,137,14,4,Here are some of the best data analysis project ideas for resume that you should try.,#data #datascience #dataanalysis #dataanalytics #datascientist #machinelearning #python #pythonprogramming #pythonprojects #pythoncode #artificialintelligence #ai #deeplearning #machinelearningprojects #datascienceprojects #amankharwal #thecleverprogrammer,3598,48.55475264035575,47.05391884380211,2.001111728738188,2.3902167871039466,3.774104683195592,0.11019283746556473,0.11019283746556473,0.27548209366391185,3.774104683195592
2826,2108,583,76,34,67,3,3,114,30,4,Visualizing data is one of the most valuable skills every Data Scientist and Analyst should have. There are a lot of data visualizations to learn in data science. Here you will find a list of all data visualizations for data science explained using Python.,#dataanalytics #datascience #data #machinelearning #datavisualization #bigdata #artificialintelligence #datascientist #python #analytics #ai #dataanalysis #deeplearning #technology #programming #coding #dataanalyst #business #pythonprogramming #datamining #tech #businessintelligence #database #computerscience #statistics #powerbi #dataanalysisprojects #businessanalytics #thecleverprogrammer #amankharwal,2801,75.2588361299536,20.813995001785077,2.7133166726169224,1.2138521956444126,4.033970276008493,0.14154281670205238,0.10615711252653928,0.10615711252653928,2.3708421797593773
7407,2782,1938,2237,226,288,5,15,263,39,18,Here are some of the most important machine learning algorithms that every beginner in machine learning should know.,#data #datascience #dataanalysis #dataanalytics #datascientist #machinelearning #python #pythonprogramming #pythonprojects #pythoncode #artificialintelligence #ai #deeplearning #machinelearningprojects #datascienceprojects #amankharwal #thecleverprogrammer,7183,38.73033551440902,26.9803703188083,31.142976472226092,3.146317694556592,3.550695288240853,0.24301336573511542,0.06750371270419873,0.2025111381125962,3.8882138517618468
10386,4137,3551,2355,205,668,8,41,328,42,38,Here are some of the best websites that you can follow to learn everything in data science.,#data #datascience #dataanalysis #dataanalytics #datascientist #machinelearning #python #pythonprogramming #pythonprojects #pythoncode #artificialintelligence #ai #deeplearning #machinelearningprojects #datascienceprojects #amankharwal #thecleverprogrammer,10248,40.36885245901639,34.650663544106166,22.980093676814988,2.0003903200624515,3.158097438860004,0.3658771423069517,0.0770267668014635,0.3947621798575005,6.431735027922203
2998,1945,794,84,139,42,4,1,126,31,10,Time series analysis means analyzing and finding patterns in a time series dataset. A time-series dataset is a sequence of data collected over an interval of time. Here you will learn how to do Time Series Analysis using Python.,#timeseries #time #statistics #datascience #bigdata #machinelearning #python #ai #timeseriesanalysis #datavisualization #dataanalytics #data #iot #analysis #timeseriesmalaysia #artificialintelligence #analytics #amankharwal #thecleverprogrammer,2962,65.66509115462526,26.806212018906145,2.835921674544227,4.692775151924375,4.202801867911941,0.333555703802535,0.13342228152101399,0.033355570380253496,1.400933955970647
7018,2569,4221,796,83,342,9,16,236,20,12,Here are some of the best data sources that you can use to collect data for your data science projects.,#data #datascience #dataanalysis #dataanalytics #datascientist #machinelearning #python #pythonprogramming #pythonprojects #pythoncode #artificialintelligence #ai #deeplearning #machinelearningprojects #datascienceprojects #amankharwal #thecleverprogrammer,7669,33.49850045638284,55.039770504629026,10.37944973269005,1.082279306298083,3.362781419207751,0.17098888572242804,0.12824166429182104,0.2279851809632374,4.8731832430891995
2941,1716,1058,84,48,48,2,1,99,12,4,"One of the mistakes data science newbies make while working on a machine learning project is that they train a machine learning model, check its accuracy score, and then complete the project. They do not test the performance of the model by giving inputs to the model based on the features they used to train it. Here you will learn how to give inputs to a machine learning model to test its performance.",#data #datascience #dataanalysis #dataanalytics #datascientist #machinelearning #python #pythonprogramming #pythonprojects #pythoncode #artificialintelligence #ai #deeplearning #machinelearningprojects #datascienceprojects #amankharwal #thecleverprogrammer,2906,59.05024088093599,36.407432897453546,2.89057123193393,1.6517549896765313,3.3662019721183274,0.13600816048962938,0.06800408024481469,0.034002040122407345,1.6320979258755526
6432,2812,2974,468,72,250,11,8,212,22,4,Here are some of the best data science project ideas for resume that you should try in 2022.,#data #datascience #dataanalysis #dataanalytics #datascientist #machinelearning #python #pythonprogramming #pythonprojects #pythoncode #artificialintelligence #ai #deeplearning #machinelearningprojects #datascienceprojects #amankharwal #thecleverprogrammer,6326,44.451470123300666,47.012330066392664,7.398039835599114,1.138159974707556,3.296019900497513,0.06218905472636816,0.17101990049751245,0.12437810945273632,3.8868159203980097
10667,3152,6564,617,187,219,13,15,297,306,74,170 Python Projects with Source Code solved and explained for free: Link in Bio,#python #pythonprogramming #pythonprojects #pythoncode #pythonlearning #pythondeveloper #pythoncoding #pythonprogrammer #amankharwal #thecleverprogrammer #pythonprojects,10520,29.96197718631179,62.39543726235741,5.865019011406844,1.7775665399239544,2.7842879910002813,0.6937283209899691,0.12187119152526484,0.1406206056060748,2.053060841848692
3988,2415,802,545,64,118,6,9,142,13,0,Here are some of the most important data visualizations that every data scientist must know.,#datavisualization #datascience #data #dataanalytics #machinelearning #dataanalysis #artificialintelligence #python #datascientist #bigdata #deeplearning #dataviz #ai #analytics #technology #dataanalyst #programming #pythonprogramming #statistics #coding #businessintelligence #datamining #tech #business #computerscience #tableau #database #bigdataanalytics #powerbi,3826,63.12075274438056,20.961840041819134,14.244641923680085,1.67276529012023,3.560682046138415,0.0,0.15045135406218654,0.22567703109327986,2.958876629889669
4978,2125,2249,354,99,143,9,2,186,26,6,Here are some of the best data science projects ideas based on recommendation systems that you should try.,#recommended #recommendations #recommendationsystem #recommendation #data #datascience #dataanalysis #dataanalytics #datascientist #machinelearning #python #pythonprogramming #pythonprojects #pythoncode #artificialintelligence #ai #amankharwal #thecleverprogrammer,4827,44.02320281748498,46.592086181893514,7.333747669359851,2.050963331261653,3.7364403374849338,0.12053033346725592,0.1807955002008839,0.040176777822418644,2.872639614302933
3388,1975,1018,244,44,99,1,7,112,16,6,"Variance, covariance, and correlation are statistical measures for finding the relationship between data points in a dataset. Heres the difference between variance, covariance, and correlation that you should know.",#datavisualization #datascience #data #dataanalytics #machinelearning #dataanalysis #artificialintelligence #python #datascientist #bigdata #deeplearning #dataviz #ai #analytics #technology #dataanalyst #programming #pythonprogramming #statistics #amankharwal #thecleverprogrammer,3281,60.19506248095093,31.027125876257237,7.4367570862541905,1.341054556537641,3.3057851239669422,0.1770956316410862,0.029515938606847696,0.2066115702479339,2.922077922077922
4467,1910,1880,492,60,89,3,16,149,15,0,Here are some of the popular applications of data science in finance.,#data #datascience #dataanalysis #dataanalytics #datascientist #machinelearning #python #pythonprogramming #pythonprojects #pythoncode #artificialintelligence #ai #deeplearning #machinelearningprojects #datascienceprojects #amankharwal #thecleverprogrammer #finance #business #money #investing,4342,43.98894518654998,43.298019345923535,11.331183786273606,1.381851681252879,3.335571972240878,0.0,0.0671591672263264,0.3581822252070741,1.9923886277143497
3246,2508,166,360,139,148,5,14,132,15,6,Here are some of the best websites to prepare for coding interviews.,#coding #programming #programmer #python #developer #javascript #code #coder #technology #html #computerscience #codinglife #java #webdeveloper #tech #css #webdevelopment #software #softwaredeveloper #interview #job #codinginterview #amankharwal #thecleverprogrammer,3173,79.04191616766467,5.2316419791994955,11.34572959344469,4.380712259691144,4.066543438077634,0.18484288354898337,0.15403573629081946,0.43130006161429446,4.559457794208257
5072,1780,3090,69,76,42,7,6,115,39,12,"The introduction of online payment systems has helped a lot in the ease of payments. But, at the same time, it increased in payment frauds. Here you will learn how to detect online payment frauds with machine learning using Python.",#data #datascience #dataanalysis #dataanalytics #datascientist #machinelearning #python #pythonprogramming #pythonprojects #pythoncode #artificialintelligence #ai #deeplearning #machinelearningprojects #datascienceprojects #amankharwal #thecleverprogrammer,5015,35.49351944167498,61.615154536390826,1.3758723828514456,1.5154536390827518,2.267350157728707,0.23659305993690852,0.13801261829652997,0.11829652996845426,0.8280757097791799
6339,2190,4036,48,27,171,8,5,248,21,10,Here are some of the best data science project ideas on healthcare. If you want to become a data science professional in the healthcare domain then you must try to work on these projects.,#healthcare #health #covid #data #datascience #dataanalysis #dataanalytics #datascientist #machinelearning #python #pythonprogramming #pythonprojects #pythoncode #artificialintelligence #ai #dataanalyst #amankharwal #thecleverprogrammer,6301,34.756387874940486,64.0533248690684,0.7617838438343121,0.4285034121568005,3.9122890045748537,0.15775358889414734,0.1262028711153179,0.07887679444707367,2.6975863700899194
4239,1711,2429,36,50,109,2,1,178,8,8,Here are some of the most important tools that I use daily as a Data Scientist/Analyst.,#data #datascience #dataanalysis #dataanalytics #datascientist #machinelearning #python #pythonprogramming #pythonprojects #pythoncode #artificialintelligence #ai #deeplearning #machinelearningprojects #datascienceprojects #amankharwal #thecleverprogrammer,4226,40.487458589682916,57.47752011358258,0.8518693800283956,1.183151916706105,4.199103562160887,0.1887237556027365,0.04718093890068412,0.02359046945034206,2.5713611700872847
3454,1663,1284,166,234,38,0,0,107,45,8,Here you will learn how to visualize the linear regression algorithm in machine learning using Python. Find this complete tutorial from the link in bio??,#data #datascience #dataanalysis #dataanalytics #datascientist #machinelearning #python #pythonprogramming #pythonprojects #pythoncode #artificialintelligence #ai #deeplearning #algorithm #algorithms #machinelearningalgorithms #amankharwal #thecleverprogrammer,3347,49.686286226471466,38.362712877203464,4.959665371974903,6.9913355243501645,3.0978575564562827,0.23161551823972204,0.0,0.0,1.1001737116386796
7571,3717,841,1716,1115,421,7,12,269,50,46,Here are some of the very useful Python scripts that you can use to solve real-time problems in your projects.,#python #pythonprogramming #pythonprojects #pythoncode #pythonlearning #pythondeveloper #pythoncoding #pythonprogrammer #amankharwal #thecleverprogrammer,7389,50.304506699147375,11.38178373257545,23.223710921640276,15.089998646636893,3.5530313036586976,0.6075815612204464,0.09245806366398099,0.15849953770968167,5.560692114647999
3333,1502,1423,182,148,38,3,5,96,37,12,"If you want to know how to predict the future prices of any cryptocurrency with machine learning, this will help you. Here you will learn how to predict the future prices of bitcoin with machine learning using Python.",#data #datascience #dataanalysis #dataanalytics #datascientist #machinelearning #python #pythonprogramming #pythonprojects #pythoncode #artificialintelligence #ai #deeplearning #machinelearningprojects #datascienceprojects #amankharwal #thecleverprogrammer #bitcoin #cryptocurrency,3255,46.144393241167435,43.717357910906294,5.591397849462366,4.546850998463902,2.8802880288028803,0.36003600360036003,0.09000900090009001,0.15001500150015,1.14011401140114
3818,2357,442,250,536,116,6,0,134,25,10,"To calculate the execution time of the program, we need to calculate the time taken by the program from its initiation to the final result. Heres how to calculate the execution time of a Python program.",#python #pythonprogramming #pythonprojects #pythoncode #pythonlearning #pythondeveloper #pythoncoding #pythonprogrammer #amankharwal #thecleverprogrammer,3585,65.74616457461646,12.329149232914924,6.97350069735007,14.95118549511855,3.509690937663698,0.26191723415400736,0.1571503404924044,0.0,3.0382399161864853
10933,3152,6610,623,334,225,13,15,301,347,94,170 Python Projects with Source Code solved and explained for free: Link in Bio,#python #pythonprogramming #pythonprojects #pythoncode #pythonlearning #pythondeveloper #pythoncoding #pythonprogrammer #amankharwal #thecleverprogrammer #pythonprojects,10719,29.4057281462823,61.66620020524303,5.812109338557701,3.11596230991697,2.753132717460898,0.8597823104362937,0.11890606420927466,0.1371993048568554,2.057989572852831
5058,2125,2250,362,111,144,9,2,187,26,6,Here are some of the best data science projects ideas based on recommendation systems that you should try.,#recommended #recommendations #recommendationsystem #recommendation #data #datascience #dataanalysis #dataanalytics #datascientist #machinelearning #python #pythonprogramming #pythonprojects #pythoncode #artificialintelligence #ai #amankharwal #thecleverprogrammer,4848,43.83250825082508,46.410891089108915,7.466996699669967,2.2896039603960396,3.6971134835903516,0.11862396204033215,0.1779359430604982,0.039541320680110716,2.8469750889679712
3601,1570,1518,174,167,51,0,3,94,48,10,One of the most popular use cases of data science is the task of sentiment analysis of product reviews sold on e-commerce platforms. Here you will learn how to analyze the sentiments of Flipkart reviews using Python.,#data #datascience #dataanalysis #dataanalytics #datascientist #machinelearning #python #pythonprogramming #pythonprojects #pythoncode #artificialintelligence #ai #deeplearning #sentimentanalysis #sentiment #nlp #naturallanguageprocessing #amankharwal #thecleverprogrammer #flipkart,3429,45.7859434237387,44.26946631671041,5.074365704286964,4.870224555263925,2.610386003887809,0.27770063871146905,0.0,0.0833101916134407,1.416273257428492
3480,1975,1019,245,72,104,1,7,114,16,6,"Variance, covariance, and correlation are statistical measures for finding the relationship between data points in a dataset. Heres the difference between variance, covariance, and correlation that you should know.",#datavisualization #datascience #data #dataanalytics #machinelearning #dataanalysis #artificialintelligence #python #datascientist #bigdata #deeplearning #dataviz #ai #analytics #technology #dataanalyst #programming #pythonprogramming #statistics #amankharwal #thecleverprogrammer,3311,59.64965267290848,30.776200543642407,7.399577167019028,2.1745696164300816,3.2758620689655173,0.1724137931034483,0.028735632183908046,0.20114942528735633,2.9885057471264367
3525,1323,1699,182,292,33,5,0,96,26,4,You must have seen the news divided into categories when you go to a news website. Here you will learn how to classify news articles with machine learning using Python.,#data #datascience #dataanalysis #dataanalytics #datascientist #machinelearning #python #pythonprogramming #pythonprojects #pythoncode #artificialintelligence #ai #deeplearning #machinelearningprojects #datascienceprojects #amankharwal #thecleverprogrammer #news,3496,37.84324942791762,48.598398169336384,5.205949656750572,8.352402745995423,2.723404255319149,0.11347517730496454,0.14184397163120568,0.0,0.9361702127659575
3606,2509,183,446,300,174,5,15,138,17,12,Here are some of the best websites to prepare for coding interviews.,#coding #programming #programmer #python #developer #javascript #code #coder #technology #html #computerscience #codinglife #java #webdeveloper #tech #css #webdevelopment #software #softwaredeveloper #interview #job #codinginterview #amankharwal #thecleverprogrammer,3438,72.97847585805701,5.322862129144852,12.972658522396744,8.726003490401396,3.826955074875208,0.33277870216306155,0.13865779256794233,0.4159733777038269,4.825291181364393
5542,1782,3212,213,168,46,7,6,122,52,16,"The introduction of online payment systems has helped a lot in the ease of payments. But, at the same time, it increased in payment frauds. Here you will learn how to detect online payment frauds with machine learning using Python.",#data #datascience #dataanalysis #dataanalytics #datascientist #machinelearning #python #pythonprogramming #pythonprojects #pythoncode #artificialintelligence #ai #deeplearning #machinelearningprojects #datascienceprojects #amankharwal #thecleverprogrammer,5375,33.15348837209302,59.758139534883725,3.9627906976744183,3.125581395348837,2.201371346084446,0.288704438830747,0.12630819198845183,0.10826416456153012,0.8300252616383976
6559,2225,4041,158,72,179,8,6,257,22,12,Here are some of the best data science project ideas on healthcare. If you want to become a data science professional in the healthcare domain then you must try to work on these projects.,#healthcare #health #covid #data #datascience #dataanalysis #dataanalytics #datascientist #machinelearning #python #pythonprogramming #pythonprojects #pythoncode #artificialintelligence #ai #dataanalyst #amankharwal #thecleverprogrammer,6496,34.25184729064039,62.20751231527094,2.432266009852217,1.1083743842364533,3.918280225644153,0.18295471870712,0.12196981247141334,0.09147735935356,2.729074554047873
3623,1179,1527,157,655,34,3,0,95,41,8,Learn how to create an interactive language translator using Python: Link in Bio,#python #pythonprogramming #pythonprojects #pythoncode #pythonlearning #pythondeveloper #pythoncoding #pythonprogrammer #amankharwal #thecleverprogrammer #naturallanguageprocessing #nlp,3518,33.51335986355884,43.40534394542354,4.462762933484934,18.61853325753269,2.6221363510902567,0.22081148219707425,0.08280430582390284,0.0,0.9384487993375654
10493,2106,7761,248,238,99,9,1,244,155,32,Here is a list of 100+ Machine Learning Algorithms and Models explained using Python that will help you to understand the implementation of all the machine learning algorithms and models in solving real-time business problems. You can find this list of 100+ Machine Learning Algorithms and Models from the link in bio.,#data #datascience #dataanalysis #dataanalytics #datascientist #machinelearning #python #pythonprogramming #pythonprojects #pythoncode #artificialintelligence #ai #deeplearning #algorithm #algorithms #machinelearningalgorithms #amankharwal #thecleverprogrammer,10353,20.341929875398435,74.96377861489424,2.3954409349946877,2.2988505747126435,2.3253597636519583,0.30496521490517486,0.08577146669208044,0.009530162965786714,0.9434861336128848
4446,2454,1590,192,69,174,6,11,190,12,8,Here are some of the best YouTube channels that you can follow to learn data science.,#data #datascience #dataanalysis #dataanalytics #datascientist #machinelearning #python #pythonprogramming #pythonprojects #pythoncode #artificialintelligence #ai #deeplearning #machinelearningprojects #datascienceprojects #amankharwal #thecleverprogrammer,4305,57.0034843205575,36.933797909407666,4.45993031358885,1.6027874564459932,4.273504273504273,0.1799370220422852,0.1349527665317139,0.24741340530814215,3.913630229419703
2957,1926,349,217,369,70,4,2,118,22,16,Python program to count the number of capital letters from a file.,#python #pythonprogramming #pythonprojects #pythoncode #pythonlearning #pythondeveloper #pythoncoding #pythonprogrammer #amankharwal #thecleverprogrammer #pythonprogram @codergallery,2861,67.31911918909472,12.198531981824537,7.584760573226144,12.897588255854597,3.9905309435238414,0.5410889414947582,0.13527223537368954,0.06763611768684477,2.367264119039567
5538,2597,2376,412,63,149,6,6,178,20,6,"Follow these steps to collect your WhatsApp chat data for a data science project. You can use your WhatsApp chat data for Text Analysis, Sentiment Analysis, and many more tasks based on Natural Language Processing.",#data #datascience #dataanalysis #dataanalytics #datascientist #machinelearning #python #pythonprogramming #pythonprojects #pythoncode #artificialintelligence #ai #deeplearning #machinelearningprojects #datascienceprojects #amankharwal #thecleverprogrammer #whatsapp,5448,47.66886930983848,43.61233480176212,7.562408223201175,1.1563876651982379,3.214156735283496,0.10834236186348861,0.10834236186348861,0.10834236186348861,2.6905019862766344
4681,2252,1674,360,308,207,7,12,170,23,10,Here are some of the best resources on the internet to learn machine learning for free.,#data #datascience #dataanalysis #dataanalytics #datascientist #machinelearning #python #pythonprogramming #pythonprojects #pythoncode #artificialintelligence #ai #deeplearning #machinelearningprojects #datascienceprojects #amankharwal #thecleverprogrammer,4594,49.020461471484545,36.43883326077492,7.83630822812364,6.704397039616891,3.631702627643666,0.21362956633198035,0.14954069643238624,0.2563554795983764,4.422132023071993
5273,2673,2003,433,114,318,9,22,250,25,10,"Here is a complete roadmap to data science that you can follow to learn data science from scratch. All the resources to learn from are also mentioned here. Swipe>>, Save, and Share.",#data #datascience #dataanalysis #dataanalytics #datascientist #machinelearning #python #pythonprogramming #pythonprojects #pythoncode #artificialintelligence #ai #deeplearning #machinelearningprojects #datascienceprojects #amankharwal #thecleverprogrammer #roadmap,5223,51.17748420448018,38.34960750526517,8.290254642925522,2.182653647329121,4.741134079271761,0.18964536317087047,0.17068082685378344,0.41721979897591505,6.030722548833681
5409,2643,2006,1068,230,393,10,27,275,38,14,"Here is a complete roadmap to data science that you can follow to learn data science from scratch. All the resources to learn from are also mentioned here. Swipe>>, Save, and Share.",#data #datascience #dataanalysis #dataanalytics #datascientist #machinelearning #python #pythonprogramming #pythonprojects #pythoncode #artificialintelligence #ai #deeplearning #machinelearningprojects #datascienceprojects #amankharwal #thecleverprogrammer #roadmap,5947,44.442576088784264,33.73129308895241,17.95863460568354,3.8674962165797884,5.084119060824552,0.258827879460159,0.18487705675725644,0.49916805324459235,7.265668330560178
5323,2000,2053,988,74,152,6,13,192,42,8,"If you are looking for some trending and unique topics for working on a data science project, then here are some data science project ideas based on trending and unique topics that you can try.",#data #datascience #dataanalysis #dataanalytics #datascientist #machinelearning #python #pythonprogramming #pythonprojects #pythoncode #artificialintelligence #ai #deeplearning #machinelearningprojects #datascienceprojects #amankharwal #thecleverprogrammer,5115,39.100684261974585,40.136852394916914,19.315738025415445,1.4467253176930597,3.6069885402968254,0.1502911891790344,0.11271839188427579,0.24422318241593086,2.855532594401653
8001,2261,5055,300,172,83,8,7,203,92,14,"Many countries are supporting Ukraine by introducing economic sanctions on Russia. There are a lot of tweets about the Ukraine and Russia war where people tend to update about the ground truths, what they feel about it, and who they are supporting. Here you will learn to analyze the sentiments of people over the Ukraine and Russian War. Learn how to perform twitter sentiment analysis on Ukraine and Russia War using Python from the link in bio.",#data #datascience #dataanalysis #dataanalytics #datascientist #machinelearning #python #pythonprogramming #pythonprojects #pythoncode #artificialintelligence #ai #deeplearning #sentimentanalysis #sentiment #nlp #naturallanguageprocessing #amankharwal #thecleverprogrammer #ukraine,7788,29.031843862352336,64.90755007704159,3.8520801232665636,2.2085259373394965,2.537182852143482,0.17497812773403326,0.09998750156230471,0.08748906386701663,1.0373703287089113
4150,1807,1085,463,792,74,4,2,145,75,28,"Each company has its ways of creating an OTP for verification, but most of the companies have their systems programmed to generate a 6-digit random number. So here you will learn the complete process of OTP verification using Python.",#python #pythonprogramming #pythonprojects #pythoncode #pythonlearning #pythondeveloper #pythoncoding #pythonprogrammer #amankharwal #thecleverprogrammer #pythonprojects #otp #otpverification,4147,43.573667711598745,26.16349168073306,11.164697371593924,19.098143236074268,3.493975903614458,0.6746987951807228,0.09638554216867469,0.048192771084337345,1.783132530120482
4609,2032,911,857,532,94,1,12,168,21,18,Here are the real world applications of Python in the industry.,#python #pythonprogramming #pythonprojects #pythoncode #pythonlearning #pythondeveloper #pythoncoding #pythonprogrammer #amankharwal #thecleverprogrammer #coding #programming #computerscience #datascience #webdevelopment #machinelearning,4332,46.9067405355494,21.02954755309326,19.783010156971375,12.280701754385964,3.6450423085267953,0.39054024734215664,0.021696680407897594,0.2603601648947711,2.0394879583423737
6348,2517,2660,737,154,188,4,15,194,26,12,"If you are a Data Science student, you must have found it hard to choose a topic for creating your first data science project as a beginner. Some universities give a list that you can choose from, while some universities give complete freedom to the students to choose any topic. So how should you choose a topic for a data science project? Here is a complete guide on how to choose a topic for a data science project.",#data #datascience #dataanalysis #dataanalytics #datascientist #machinelearning #python #pythonprogramming #pythonprojects #pythoncode #artificialintelligence #ai #deeplearning #machinelearningprojects #datascienceprojects #amankharwal #thecleverprogrammer,6068,41.47989452867502,43.836519446275545,12.145682267633488,2.5379037574159526,3.0560806553245117,0.1890359168241966,0.0630119722747322,0.23629489603024575,2.9615626969124134
11068,2099,2986,5634,122,214,7,8,250,39,34,Here are some of the best data science project ideas based on Social Media that you should try in 2022.,#data #datascience #dataanalysis #dataanalytics #datascientist #machinelearning #python #pythonprogramming #pythonprojects #pythoncode #artificialintelligence #ai #deeplearning #machinelearningprojects #datascienceprojects #amankharwal #thecleverprogrammer,10841,19.36168250161424,27.543584540171572,51.96937551886357,1.1253574393506134,2.258764004336827,0.30719190458980844,0.06324539212143115,0.07228044813877846,1.9335019877123236
7231,1855,4156,703,309,73,8,3,171,74,26,"I have been researching Instagram reach for a long time now. Every time I post on my Instagram account, I collect data on how well the post reach after a week. That helps in understanding how Instagram's algorithm is working. Here you will learn how to perform Instagram Reach Analysis and predict the reach of your Instagram posts with machine learning using Python.",#data #datascience #dataanalysis #dataanalytics #datascientist #machinelearning #python #pythonprogramming #pythonprojects #pythoncode #artificialintelligence #ai #deeplearning #machinelearningprojects #datascienceprojects #amankharwal #thecleverprogrammer #instagram #instagramreach,7023,26.41321372632778,59.17698989036025,10.009967250462765,4.399829132849209,2.364818144101784,0.3595629926704467,0.11063476697552206,0.041488037615820775,1.0095422486516388
17396,1817,10008,5192,251,285,7,7,416,467,260,Here is a list of 100+ Machine Learning Algorithms and Models explained using Python that will help you to understand the implementation of all the machine learning algorithms and models in solving real-time business problems. You can find this list of 100+ Machine Learning Algorithms and Models from the link in bio.,#machinelearning #machinelearningalgorithms #datascience #dataanalysis #dataanalytics #datascientist #python #pythonprogramming #pythonprojects #pythoncode #artificialintelligence #ai #deeplearning #algorithm #algorithms #amankharwal #thecleverprogrammer,17268,10.52235348621728,57.95691452397498,30.067176279823954,1.453555709983785,2.3913543343297308,1.4945964589560818,0.04023913543343297,0.04023913543343297,1.638307656932628
6814,2816,2769,900,128,469,8,22,249,24,16,Here are some of the best websites that you can follow to learn everything in data science.,#datascience #datasciencejobs #datasciencetraining #datascienceeducation #datasciencecourse #data #dataanalysis #dataanalytics #datascientist #machinelearning #artificialintelligence #ai #deeplearning #machinelearningprojects #datascienceprojects #amankharwal #thecleverprogrammer,6613,42.58279147134432,41.87207016482686,13.609556933313172,1.9355814305156511,3.654241267977693,0.2348106838861168,0.1174053419430584,0.3228646903434106,6.8828881714118
17713,2449,2141,12389,561,504,3,23,308,70,96,Here are some of the best resources to learn SQL for data science.,#sql #mysql #datascience #datasciencejobs #datasciencetraining #datascienceeducation #datasciencecourse #data #dataanalysis #dataanalytics #datascientist #machinelearning #artificialintelligence #ai #deeplearning #machinelearningprojects #datascienceprojects #amankharwal #thecleverprogrammer,17540,13.96237172177879,12.206385404789053,70.63283922462942,3.1984036488027368,1.738835883249591,0.5419748207531192,0.016936713148534975,0.12984813413876814,2.845367808953876
5563,3813,362,1135,76,149,5,8,163,22,20,Here are the best Python libraries for data visualization that you should learn for data science.,#datavisualization #datascience #datasciencejobs #datasciencetraining #datascienceeducation #datasciencecourse #data #dataanalysis #dataanalytics #datascientist #machinelearning #artificialintelligence #ai #deeplearning #machinelearningprojects #datascienceprojects #amankharwal #thecleverprogrammer,5386,70.7946528035648,6.721128852580765,21.073152617898256,1.4110657259561827,2.930073701240338,0.35951824555096173,0.08987956138774043,0.14380729822038468,2.6784109293546647
4842,1658,694,2036,310,55,6,4,86,46,30,Learn how to create an interactive language translator using the Python programming language.,#python #pythonprogramming #pythoncode #pythonlearning #pythondeveloper #pythonprogrammer #pythonprojects #python3 #pythoncoding #pythonprogramminglanguage #amankharwal #thecleverprogrammer #nlp #naturallanguageprocessing,4698,35.29161345253299,14.772243507875693,43.33759046402725,6.598552575564069,1.7761255679471293,0.6195786864931847,0.12391573729863693,0.08261049153242463,1.1358942585708385
11149,4439,747,5762,53,273,4,13,210,61,58,"Python is one of the best programming languages for numerical calculations. So you should know how to calculate mean, median and mode using Python without using any built-in Python library or module. Heres how to calculate mean, median, and mode using Python.",#python #pythonprogramming #pythoncode #pythonlearning #pythondeveloper #pythonprogrammer #pythonprojects #python3 #pythoncoding #pythonprogramminglanguage #amankharwal #thecleverprogrammer,11001,40.35087719298245,6.790291791655304,52.377056631215346,0.4817743841468957,1.8835770024217418,0.5202260292402906,0.035877657188985564,0.11660238586420307,2.4486501031482644
10206,2371,1624,6000,117,182,10,17,172,237,100,Practice these 90+ Data Science Projects For Beginners Solved & Explained using Python. Find all these projects from the link in bio.,#datascience #datasciencejobs #datasciencetraining #datascienceeducation #datasciencecourse #data #dataanalysis #dataanalytics #datascientist #machinelearning #artificialintelligence #ai #deeplearning #machinelearningprojects #datascienceprojects #amankharwal #thecleverprogrammer,10112,23.44738924050633,16.060126582278482,59.33544303797469,1.1570411392405062,1.6852831667646482,0.9798157946306094,0.09798157946306094,0.1665686850872036,1.7832647462277091
13700,5185,3041,5352,77,573,2,38,373,73,80,Here are some of the best data science certifications that you can choose from in 2022.,#datascience #datasciencejobs #datasciencetraining #datascienceeducation #datasciencecourse #data #dataanalysis #dataanalytics #datascientist #machinelearning #artificialintelligence #ai #deeplearning #machinelearningprojects #datascienceprojects #amankharwal #thecleverprogrammer,13655,37.97143903332113,22.27023068473087,39.19443427316002,0.5638960087879897,2.7226277372262775,0.583941605839416,0.014598540145985403,0.2773722627737226,4.182481751824818
5731,1923,1368,2266,65,135,4,1,148,20,18,"Clustering is a machine learning technique used to classify data points, charaterized by some specific features into groups. It is an unsupervised machine learning method where the data we deal with is not labelled. Here are some of the best Machine Learning project ideas on Clustering that you should try.",#machinelearning #machinelearningalgorithms #datascience #dataanalysis #dataanalytics #datascientist #python #pythonprogramming #pythonprojects #pythoncode #artificialintelligence #ai #deeplearning #algorithm #algorithms #amankharwal #thecleverprogrammer #clustering,5622,34.204909284951974,24.33297758804696,40.30594094628246,1.1561721807186054,2.5824463444425056,0.31408131216192636,0.06979584714709475,0.017448961786773687,2.3556098412144477
4139,1133,1538,1367,33,36,0,1,92,34,10,Clustering music genres is a task of grouping music based on the similarities in their audio characteristics. Here you will learn how to do clustering analysis of music genres with Machine Learning using Python.,#machinelearning #machinelearningalgorithms #datascience #dataanalysis #dataanalytics #datascientist #python #pythonprogramming #pythonprojects #pythoncode #artificialintelligence #ai #deeplearning #algorithm #algorithms #amankharwal #thecleverprogrammer #clustering,4071,27.830999754360107,37.779415377057234,33.57897322525178,0.8106116433308769,2.222759120560522,0.24160425223483933,0.0,0.024160425223483932,0.8697753080454216
32695,11815,3147,17414,170,1095,2,75,549,148,214,Here are some of the best data science certifications that you can choose from in 2022.,#datascience #datasciencejobs #datasciencetraining #datascienceeducation #datasciencecourse #data #dataanalysis #dataanalytics #datascientist #machinelearning #artificialintelligence #ai #deeplearning #machinelearningprojects #datascienceprojects #amankharwal #thecleverprogrammer,32546,36.302464204510535,9.669391015793032,53.505807165243034,0.522337614453389,1.6791558342254167,0.654534332466738,0.006117143294081664,0.2293928735280624,3.349135953509711
36919,13473,4176,16444,2547,653,5,26,443,611,228,175 Python Projects with Source Code solved and explained for free: Link in Bio,#python #pythonprogramming #pythonprojects #pythoncode #pythonlearning #pythondeveloper #pythoncoding #pythonprogrammer #amankharwal #thecleverprogrammer #pythonprojects,36640,36.771288209606986,11.397379912663755,44.87991266375546,6.951419213973799,1.1999241582924782,0.6175681898209594,0.013543162057477178,0.07042444269888133,1.7687369647065199
